{
	"id": 2,
"title": "Ex vero doloremque est vero repudiandae qui magni.",
"description": "<p>Saepe commodi est. Sequi praesentium iste ut enim aut. Itaque atque blanditiis soluta accusamus est nihil. Suscipit ut quo cupiditate nemo ut molestiae totam id eos. Voluptas fugit facere ut necessitatibus voluptatem hic ea atque.\n \rVelit harum dolorem. Adipisci recusandae error repellat blanditiis. Iste cupiditate natus autem architecto non consectetur est. Debitis repudiandae eum et accusamus quam id vitae. Laudantium facere eaque sint non dolores ullam autem.\n \rUnde dolore dolore iste et. Molestiae neque neque aperiam nobis nesciunt recusandae consequuntur sint. Dicta sapiente eaque amet est sed. Ipsam iusto architecto voluptatibus consequatur ipsa ea. Quisquam illum fugit sed dolores sint tempore quis aut. Sunt impedit voluptatem voluptas.\n \rNon dolorum tenetur. Asperiores ad quis perspiciatis quod debitis id molestiae delectus. Necessitatibus accusantium vel sunt. Perferendis vel quis molestiae illo qui.</p>",
"date": "2020-03-29T21:03:18.632Z",
"room": 101,
"topics": [
	"site building"
],
"speaker": "Ashleigh King",
"jobTitle": "Lead Research Specialist",
"company": "Doyle LLC",
"photo": "https://s3.amazonaws.com/uifaces/faces/twitter/doronmalki/128.jpg",
"bio": "Qui dolor fuga id rerum repellat id quos veritatis. Totam voluptatem at sint quod id recusandae odit in. Eligendi accusamus et aut aut. Totam dicta deleniti blanditiis.\n \rOfficiis esse eum nostrum ratione molestiae at. Aut explicabo qui eveniet unde sed fugit rerum libero. Ad tenetur accusamus velit sunt et aperiam sit sapiente. Hic rerum qui nostrum modi magnam nesciunt.\n \rOfficiis mollitia id occaecati perferendis voluptatem totam autem pariatur sapiente. Est odio quisquam dolorem quaerat quam quas. Reiciendis corporis et laboriosam perferendis ipsa sequi hic rerum."
}
